Eklavya,Saxena,eklavya.sa@gmail.com
Tom,Singh,tom.singh@gmail.com
Jeff,Sharma,jeff.sharma@gmail.com
Harry,Sawant,harry.sawant@gmail.com
John,Modi,john.modi@gmail.com
Peter,Pandey,peter.pandey@gmail.com
