396,John,john245@gmail.com
164,Tom,tom135@gmail.com
686,Elif,elif643@gmail.com
150,Abey,abey856@gmail.com
266,Yami,yami885@gmail.com
811,Peter,peter223@gmail.com
384,Jaanu,jaanu850@gmail.com
401,Pari,pari794@gmail.com
925,Bantu,bantu643@gmail.com
